"id_cliente","valor","id_loja"
"3","8.154567758E9","1100.00"
"3","8.18770008E8","110.00"
"3","8.18575758E8","2.99"
"2","7.68805399E8","30.90"
"1","7.67573759E8","15.70"
