"id_cliente","valor","id_loja"
"2","7.68805399E8","30.90"
"3","8.18770008E8","110.00"
"1","7.6856563E7","2000.90"
"1","7.67573759E8","15.70"
"3","8.18575758E8","2.99"
"4","7.64545534E8","50.74"
"5","7.6766789E7","10.00"
"3","8.154567758E9","1100.00"
